{
    "total_runtime": 455.50883746147156,
    "num_documents": 9,
    "input_load_time": 0,
    "workflows": {
        "create_base_text_units": {
            "overall": 0.8607990741729736,
            "0_orderby": 0.0070192813873291016,
            "1_zip": 0.008301734924316406,
            "2_aggregate_override": 0.01141357421875,
            "3_chunk": 0.7446911334991455,
            "4_select": 0.008046388626098633,
            "5_unroll": 0.010486125946044922,
            "6_rename": 0.012282133102416992,
            "7_genid": 0.016232967376708984,
            "8_unzip": 0.007513284683227539,
            "9_copy": 0.005501985549926758,
            "10_filter": 0.021405696868896484
        },
        "create_base_extracted_entities": {
            "overall": 155.94394755363464,
            "0_entity_extract": 155.80482411384583,
            "1_snapshot": 0.02984929084777832,
            "2_merge_graphs": 0.09221625328063965,
            "3_snapshot_rows": 0.010335206985473633
        },
        "create_summarized_entities": {
            "overall": 26.35132145881653,
            "0_summarize_descriptions": 26.317501544952393,
            "1_snapshot_rows": 0.022459983825683594
        },
        "create_base_entity_graph": {
            "overall": 0.36234307289123535,
            "0_cluster_graph": 0.29175901412963867,
            "1_snapshot_rows": 0.030130386352539062,
            "2_snapshot_rows": 0.016888141632080078,
            "3_select": 0.011564970016479492
        },
        "create_final_entities": {
            "overall": 48.49579858779907,
            "0_unpack_graph": 0.11966538429260254,
            "1_rename": 0.011302709579467773,
            "2_select": 0.012101888656616211,
            "3_dedupe": 0.02331829071044922,
            "4_rename": 0.013042926788330078,
            "5_filter": 0.033890724182128906,
            "6_text_split": 0.018032312393188477,
            "7_drop": 0.01425313949584961,
            "8_merge": 0.08865571022033691,
            "9_text_embed": 48.080870389938354,
            "10_drop": 0.019738435745239258,
            "11_filter": 0.04526662826538086
        },
        "create_final_nodes": {
            "overall": 1.4899215698242188,
            "0_layout_graph": 0.539994478225708,
            "1_unpack_graph": 0.44007110595703125,
            "2_unpack_graph": 0.18997597694396973,
            "3_drop": 0.02013707160949707,
            "4_filter": 0.05992603302001953,
            "5_select": 0.029931306838989258,
            "6_snapshot": 0.020185470581054688,
            "7_rename": 0.019596099853515625,
            "8_convert": 0.08027505874633789,
            "9_join": 0.04008030891418457,
            "10_rename": 0.019744157791137695
        },
        "create_final_communities": {
            "overall": 1.189392328262329,
            "0_unpack_graph": 0.20478153228759766,
            "1_unpack_graph": 0.19331717491149902,
            "2_aggregate_override": 0.04867148399353027,
            "3_join": 0.03980755805969238,
            "4_join": 0.04104137420654297,
            "5_concat": 0.027584314346313477,
            "6_filter": 0.31141066551208496,
            "7_aggregate_override": 0.05160832405090332,
            "8_join": 0.03873395919799805,
            "9_filter": 0.07020425796508789,
            "10_fill": 0.03174424171447754,
            "11_merge": 0.04865527153015137,
            "12_copy": 0.03043055534362793,
            "13_select": 0.020925521850585938
        },
        "join_text_units_to_entity_ids": {
            "overall": 0.13515543937683105,
            "0_select": 0.026163101196289062,
            "1_unroll": 0.0400547981262207,
            "2_aggregate_override": 0.039808034896850586
        },
        "create_final_relationships": {
            "overall": 0.6696169376373291,
            "0_unpack_graph": 0.18995356559753418,
            "1_filter": 0.0776970386505127,
            "2_rename": 0.029804706573486328,
            "3_filter": 0.072845458984375,
            "4_drop": 0.037148475646972656,
            "5_compute_edge_combined_degree": 0.030014753341674805,
            "6_convert": 0.1509866714477539,
            "7_convert": 0.049077749252319336
        },
        "join_text_units_to_relationship_ids": {
            "overall": 0.20778155326843262,
            "0_select": 0.04324698448181152,
            "1_unroll": 0.036900997161865234,
            "2_aggregate_override": 0.0408778190612793,
            "3_select": 0.03331446647644043
        },
        "create_final_community_reports": {
            "overall": 213.89322900772095,
            "0_prepare_community_reports_nodes": 0.052301645278930664,
            "1_prepare_community_reports_edges": 0.0903019905090332,
            "2_restore_community_hierarchy": 0.05504012107849121,
            "3_prepare_community_reports": 0.5775222778320312,
            "4_create_community_reports": 213.00795650482178,
            "5_window": 0.05284547805786133
        },
        "create_final_text_units": {
            "overall": 0.3343355655670166,
            "0_select": 0.046727657318115234,
            "1_rename": 0.035106658935546875,
            "2_join": 0.050511837005615234,
            "3_join": 0.05259084701538086,
            "4_aggregate_override": 0.059082984924316406,
            "5_select": 0.04612922668457031
        },
        "create_base_documents": {
            "overall": 0.7415378093719482,
            "0_unroll": 0.05241584777832031,
            "1_select": 0.05750536918640137,
            "2_rename": 0.06496596336364746,
            "3_join": 0.1011357307434082,
            "4_aggregate_override": 0.0879361629486084,
            "5_join": 0.08627176284790039,
            "6_rename": 0.06574082374572754,
            "7_convert": 0.17486023902893066
        },
        "create_final_documents": {
            "overall": 0.12142467498779297,
            "0_rename": 0.0564875602722168
        }
    }
}